the-lighthouse-2019,7
wendy-2020,9
i-can-only-imagine,4
west-side-story,9
last-action-hero,7
onward-2020,7
playdate-with-destiny,6
the-big-trail,6
beasts-of-the-southern-wild,6
the-invisible-man-2020,8
lamp-life,6
the-invisible-man,8
margaret,9
the-call-of-the-wild-2020,7
downhill-2020,5
the-boy-2016,1
lilo-stitch,10
sonic-the-hedgehog,6
the-gentlemen,5
gretel-hansel,6
pariah,9
fetch-2019,5
just-mercy,8
elephant-in-the-room-2019,7
shaun-the-sheep-movie,7
spies-in-disguise,4
zenith-2019,6
flower-in-the-mirror,8
downtown-2019,3
birds-of-prey-and-the-fantabulous-emancipation-of-one-harley-quinn,6
hair-jitsu,4
the-race-2019,6
lightning-in-a-bottle-2019,6
the-turning-2020,2
cycles-2018,9
1917,6
just-a-thought,7
lucky-toupee,5
manchester-by-the-sea,10
exchange-student,5
paterson,9
puddles,4
you-were-never-really-here,9
arctic-2018,6
bad-boys-for-life,6
dolittle,2
the-grudge-2020,2
the-spongebob-musical-live-on-stage,9
loop-2020-1,6
goldman-v-silverman,6
forky-asks-a-question-what-is-reading,7
midsommar,6
invader-zim-enter-the-florpus,6
to-all-the-boys-ive-loved-before,6
bad-boys-ii,7
inside-llewyn-davis,9
bug-2006,8
bad-boys-1995,5
american-beauty,5
forky-asks-a-question-what-is-cheese,8
a-hidden-life-2019,5
star-wars-the-rise-of-skywalker,3
uncut-gems,9
dolemite-is-my-name,8
the-two-popes,3
a-beautiful-day-in-the-neighborhood,9
john-mulaney-the-sack-lunch-bunch,7
forky-asks-a-question-what-is-a-pet,7
klaus,8
little-women-2019,8
noelle-2019,4
let-it-snow-2019,5
bombshell-2019,5
the-knight-before-christmas,5
forky-asks-a-question-what-is-a-leader,4
6-underground,1
cats-2019,6
the-smurfs-christmas-special,1
game-change,6
richard-jewell,6
star-wars-the-last-jedi,10
jumanji-the-next-level,5
how-to-train-your-dragon-homecoming,7
a-wish-for-wings-that-work,5
wind-2019,6
the-pirate,8
the-wizard-of-oz-1939,8
marriage-story-2019,10
forky-asks-a-question-what-is-a-computer,2
star-wars-episode-iii-revenge-of-the-sith,4
waves-2019,4
midway-2019,4
star-wars,9
rogue-one-a-star-wars-story,6
dark-waters-2019,8
honey-boy,7
playmobil-the-movie,1
forky-asks-a-question-what-is-love,6
punch-drunk-love,10
the-new-world,8
black-christmas,7
mystic-river,5
forky-asks-a-question-what-is-time,5
last-christmas-2019,6
forky-asks-a-question-what-is-art,6
forky-asks-a-question-what-is-a-friend,8
forky-asks-a-question-what-is-money,3
queen-slim,7
doctor-sleep,8
knives-out-2019,8
the-good-liar,4
frozen-ii,5
sweeney-todd-the-demon-barber-of-fleet-street-2007,3
ford-v-ferrari,9
poison,5
clue,8
the-irishman-2019,9
charlies-angels-2019,6
maleficent-mistress-of-evil,3
zombieland-double-tap,6
terminator-dark-fate,7
lady-and-the-tramp-2019,6
float-2019,8
harriet,5
cop-land,3
charlies-angels,3
the-aviator,7
casino,9
after-hours,8
parasite-2019,10
dont-give-up-the-sheep,5
bewitched-bunny,7
8-ball-bunny,6
goodfellas,10
raging-bull,9
babyteeth,4
alice-doesnt-live-here-anymore,9
gangs-of-new-york-2002,6
mean-streets,6
sorry-we-missed-you,5
hala-2019,8
clemency,7
the-hobbit-an-unexpected-journey,2
star-wars-the-force-awakens,9
the-squid-and-the-whale,9
whos-that-knocking-at-my-door,4
the-addams-family-2019,5
holidays-2016,1
lucy-in-the-sky,4
gemini-man-2019,6
zombieland,6
rambo-last-blood,2
dora-and-the-lost-city-of-gold,8
the-hobbit-the-battle-of-the-five-armies,6
star-trek-into-darkness,6
joker-2019,3
life-of-brian,8
judy-2019,7
abominable-2019,4
high-flying-bird,8
the-king-of-comedy,9
the-shining,10
spider-ham-caught-in-a-ham,6
battle-at-big-rock,3
ad-astra-2019,9
taxi-driver,8
official-secrets,7
downton-abbey,6
get-out-2017,10
the-angry-birds-movie-2,6
hair-love,8
hustlers-2019,8
it-chapter-two,4
the-little-mermaid,4
jojo-rabbit,10
the-obituary-of-tunde-johnson,5
color-out-of-space,6
ready-or-not-2019,8
sound-of-metal,8
mandy-2018,6
boy-2010,7
short-term-12-2013,10
hardware,3
the-matrix,9
the-peanut-butter-falcon,7
whered-you-go-bernadette,5
angel-has-fallen,3
the-kitchen-2019,3
apocalypse-now,9
unicorn-store,7
titanic-1997,10
blinded-by-the-light-2019,8
good-boys-2019,7
luce,6
the-farewell-2019,10
spider-man-far-from-home,4
fast-furious-presents-hobbs-shaw,7
once-upon-a-time-in-hollywood,8
death-proof,3
kill-bill-vol-2,9
the-lion-king-2019,1
kill-bill-vol-1,8
the-florida-project,10
the-first-round-up,8
jackie-brown,9
the-art-of-self-defense-2019,6
crawl-2019,6
wild-rose-2018,6
the-great-gatsby-2013,5
canned-feud,8
the-abominable-snow-rabbit,6
stop-look-and-hasten,7
aladdin,8
john-wick-chapter-2,8
thor-ragnarok,9
how-to-train-your-dragon-the-hidden-world,8
bao-2018,7
spider-man-into-the-spider-verse,10
mission-impossible-fallout,9
silence,10
mamma-mia-here-we-go-again,8
childs-play-2019,6
do-the-right-thing,10
deadpool-2,7
avengers-infinity-war,8
black-panther-2018,9
fruitvale-station,8
the-boss-baby,7
wonder-2017,8
coco-2017,10
war-for-the-planet-of-the-apes,7
spider-man-homecoming,6
the-emoji-movie,1
dawn-of-the-planet-of-the-apes,8
logan-2017,9
john-wick,8
inner-workings,4
elf,9
piper,6
x2,9
captain-america-civil-war,8
captain-america-the-winter-soldier,8
deadpool,6
iron-man-2008,7
room-2015,10
tangerine,9
creed,10
rocky,10
f-for-fake,7
the-walk-2015,7
the-martian,6
sicario-2015,7
pawn-sacrifice,3
black-mass-2015,5
the-visit-2015,6
straight-outta-compton,6
hitman-agent-47,3
the-gift-2015-1,7
vacation-2015,3
fantastic-four,2
the-man-from-uncle,4
trainwreck,8
southpaw-2015,4
mission-impossible-rogue-nation,8
pixels-2015,6
ant-man,4
mr-holmes,6
jurassic-world,5
spy,6
san-andreas,5
pitch-perfect-2,3
avengers-age-of-ultron,6
tomorrowland,6
little-boy,2
while-were-young,5
furious-7,8
home-2015,3
it-follows,8
cinderella-2015,8
chappie,4
still-alice,6
paddington,8
kingsman-the-secret-service,7
the-imitation-game,6
the-spongebob-movie-sponge-out-of-water,6
jupiter-ascending,4
the-theory-of-everything-2014,4
whiplash-2014,9
foxcatcher,8
birdman-or-the-unexpected-virtue-of-ignorance,2
selma,9
big-eyes,4
the-interview-2014,8
grand-piano,9
argo,6
unbroken,2
big-hero-6,6
penguins-of-madagascar-2014,6
into-the-woods-2014,6
scrooged,7
captain-phillips,9
the-perks-of-being-a-wallflower,9
the-hunger-games-mockingjay-part-1,6
night-at-the-museum-secret-of-the-tomb,1
the-hunger-games-catching-fire,8
the-worlds-end,8
interstellar,8
st-vincent,7
south-park-bigger-longer-uncut,7
saving-christmas,1
dumb-and-dumber,6
the-book-of-life-2014,6
nightcrawler,6
the-player,9
a-nightmare-on-elm-street,6
fury-2014,6
this-is-where-i-leave-you,3
the-iron-lady,3
space-jam,2
gone-girl,8
edge-of-tomorrow,6
the-equalizer,6
the-maze-runner,6
his-girl-friday,9
the-identical,1
hercules-1997,1
tarzan,6
magic-in-the-moonlight,1
x-men-days-of-future-past,9
safe-haven,2
the-hundred-foot-journey,6
how-to-train-your-dragon-2,8
repo-the-genetic-opera,1
ghostbusters,6
neighbors-2014,7
into-the-storm-2014,6
inception,6
a-most-wanted-man,6
zoolander,10
lucy-2014,4
mean-girls,8
the-rock,3
guardians-of-the-galaxy,9
begin-again,1
zodiac,6
terminator-2-judgment-day,9
the-usual-suspects,6
snowpiercer,8
olympus-has-fallen,3
the-hunger-games,3
safety-not-guaranteed,7
bernie-2011,6
jack-reacher,5
united-93,7
the-fault-in-our-stars,6
treasure-planet,6
goldfinger,3
the-terminator,8
close-encounters-of-the-third-kind,6
star-trek-iv-the-voyage-home,7
free-birds-2013,6
the-emperors-new-groove,9
serenity,5
maleficent,1
22-jump-street,9
happy-gilmore,5
chef,6
skyfall,6
godzilla-2014,3
monty-python-and-the-holy-grail,7
million-dollar-arm,3
hamlet-1990,3
crash-2004,2
stand-and-deliver,2
draft-day,3
the-amazing-spider-man-2,2
mud,9
muppets-most-wanted,3
tropic-thunder,6
noah,6
non-stop-2014,3
blue-jasmine,6
django-unchained,7
divergent,3
iron-man-3,6
now-you-see-me,3
veronica-mars,3
frozen-2013,6
lord-of-the-flies,3
mr-peabody-sherman,5
the-breakfast-club,6
horrible-bosses,6
pulp-fiction,6
scott-pilgrim-vs-the-world,8
annabelle-comes-home,5
the-hobbit-the-desolation-of-smaug,4
saving-mr-banks,6
american-hustle,3
the-secret-life-of-walter-mitty-2013,3
anchorman-2-the-legend-continues,4
silver-linings-playbook,9
12-years-a-slave,8
thor-the-dark-world,1
edward-scissorhands,7
some-like-it-hot,9
evan-almighty,1
prisoners,6
oceans-eleven-2001,8
cloudy-with-a-chance-of-meatballs-2,2
rear-window,8
dead-poets-society,9
elysium-2013,2
pacific-rim,7
district-9,7
when-harry-met-sally,9
turbo,4
the-bourne-legacy,2
despicable-me-2,1
air-force-one,6
slumdog-millionaire,3
take-shelter,9
spider-man-2,9
star-trek-ii-the-wrath-of-khan,7
white-house-down,6
world-war-z,1
monsters-university,6
man-of-steel,6
life-of-pi,8
the-princess-bride,10
fast-furious-6,7
the-iron-giant,10
oblivion-2013,4
the-croods,5
gi-joe-retaliation,3
admission,2
star-trek,7
the-call-2013,4
oz-the-great-and-powerful,5
the-muppets,8
warm-bodies,3
glory,2
zero-dark-thirty,3
les-miserables-2012,5
gangster-squad,1
school-of-rock,7
thor,4
wreck-it-ralph,6
looper,7
the-dark-knight-rises,6
the-amazing-spider-man,2
the-avengers-2012,8
brave-2012,2
hugo,4
beauty-and-the-beast-1991,10
sherlock-holmes-a-game-of-shadows,5
always-be-my-maybe-2019,6
toy-story-4,8
late-night,6
toy-story-that-time-forgot,3
toy-story-of-terror,7
men-in-black-international,4
partysaurus-rex,8
the-last-black-man-in-san-francisco,7
shaft-2019,3
under-the-silver-lake,8
dark-phoenix,4
the-secret-life-of-pets-2,2
ralph-breaks-the-internet,5
the-dead-dont-die-2019,3
rocketman-2019,9
mulholland-drive,9
godzilla-king-of-the-monsters-2019,2
booksmart,9
aladdin-2019,7
the-sun-is-also-a-star,6
yesterday-2019,7
brittany-runs-a-marathon,6
john-wick-chapter-3-parabellum,8
a-dogs-journey,6
tolkien-2019,3
pokemon-detective-pikachu,7
uglydolls,2
breakthrough-2019,3
kim-possible,3
long-shot-2019,6
family-2018,5
five-feet-apart,6
avengers-endgame,9
her-smell,7
high-life-2018,6
the-curse-of-la-llorona,3
pet-sematary-2019,3
hellboy-2019,3
missing-link-2019,5
little,6
the-beach-bum,8
hotel-mumbai,3
shazam,8
a-madea-family-funeral,1
the-mustang,8
dumbo-2019,6
us-2019,10
cruel-intentions,4
gloria-bell,6
the-upside,5
nancy-drew-and-the-hidden-staircase-2019,6
wonder-park,2
stan-ollie,6
what-men-want,6
climax-2018,1
captain-marvel,6
cold-pursuit,6
happy-death-day-2u,7
fighting-with-my-family,7
glass-2019,5
kitbull,9
alita-battle-angel,6
minding-the-gap,10
overlord-2018,7
isnt-it-romantic-2019,5
how-to-train-your-dragon,9
smash-and-grab-2019,6
purl,8
skin-2018-1,2
detainment,1
fauve,1
one-small-step-2018,8
weekends-2017,3
animal-behaviour,6
late-afternoon,9
serenity-2019,3
the-kid-who-would-be-king,7
the-ballad-of-buster-scruggs,7
first-reformed,8
design-for-living,6
bird-box,4
on-the-basis-of-sex,6
unbreakable,7
the-mule-2018,8
green-book,3
roma-2018,10
the-lego-movie-2-the-second-part,9
macgruber,6
bicycle-thieves,10
spirited-away,10
battle-royale,10
ben-is-back,7
solo-a-star-wars-story,4
if-beale-street-could-talk,8
surfer-teen-confronts-fear,3
the-favourite,8
vice-2018,4
small-town-christmas,4
mary-poppins-returns,6
mary-poppins,9
the-christmas-chronicles,4
creed-ii,6
bumblebee,7
smallfoot,4
aquaman-2018,6
olive-the-other-reindeer,8
the-grinch,7
bohemian-rhapsody,2
vox-lux,6
once-upon-a-deadpool,3
schindlers-list,10
the-front-runner,3
rapsittie-street-kids-believe-in-santa,1
instant-family,8
incredibles-2,9
a-private-war,5
can-you-ever-forgive-me,8
the-nutcracker-and-the-four-realms,3
suspiria-2018,4
the-other-side-of-the-wind,8
mid90s,6
a-star-is-born-2018,9
the-hate-u-give,8
halloween-2018,7
the-old-man-the-gun,8
the-house-with-a-clock-in-its-walls,6
widows-2018,9
first-man,8
venom-2018,4
the-swap-2016,4
the-wife-2017,6
the-sound-of-music,10
searching-2018,9
lawrence-of-arabia,9
the-thing,9
madelines-madeline,10
juliet-naked,5
moonrise-kingdom,4
13-going-on-30,9
blackkklansman,7
small-fry-2011,3
hawaiian-vacation,8
crazy-rich-asians,8
predator,3
the-meg,5
the-karate-kid,8
the-incredible-jessica-james,8
dog-days-2018,3
like-father,5
air-mater,2
time-travel-mater,5
tokyo-mater,6
mater-private-eye,8
heavy-metal-mater,3
moon-mater,6
el-materdor,2
unidentified-flying-mater,3
monster-truck-mater,5
rescue-squad-mater,4
mater-the-greater,3
christopher-robin,6
winnie-the-pooh,7
the-ballad-of-nessie,8
team-thor-part-2,4
eighth-grade,6
blindspotting,8
poohs-heffalump-movie,2
teen-titans-go-to-the-movies,6
over-the-garden-wall-2014,9
duck-duck-goose-2018,1
piglets-big-movie,4
sorry-to-bother-you,8
hearts-beat-loud,7
jesus-christ-superstar-live-in-concert,10
the-tigger-movie,8
mamma-mia,5
unfriended,6
my-man-godfrey,6
hotel-transylvania-3-summer-vacation,5
leave-no-trace,9
poohs-grand-adventure-the-search-for-christopher-robin,6
the-first-purge,6
ant-man-and-the-wasp,7
goodnight-mr-foot,6
mission-impossible-ii,2
hotel-transylvania,5
the-many-adventures-of-winnie-the-pooh,9
what-if-2013,6
sicario-day-of-the-soldado,5
set-it-up,8
uncle-drew,6
camp-rock,3
mission-impossible,5
tag-2018,4
jurassic-world-fallen-kingdom,2
superfly,6
i-kill-giants,3
mater-and-the-ghostlight,3
one-man-band,6
lifted,3
hereditary,4
oceans-eight,7
mr-incredible-and-pals,5
jack-jack-attack,4
boundin,7
hotel-artemis,6
oceans-thirteen,6
dallas-buyers-club,4
adrift-2018,7
oceans-twelve,7
action-point,4
frances-ha,8
show-dogs,2
book-club-2018,4
21-jump-street,10
up-in-the-air,10
tully-2018,8
high-school-musical-3-senior-year,6
a-quiet-place-2018,6
the-greatest-showman,5
high-school-musical-2,7
carrie-2013,3
carrie-1976,6
marvel-one-shot-all-hail-the-king,7
marvel-one-shot-agent-carter,6
sgt-stubby-an-american-hero,4
isle-of-dogs-2018,8
high-school-musical,7
blockers,6
jimmy-timmy-power-hour-3-the-jerkinators,6
marvel-one-shot-item-47,6
marvel-one-shot-a-funny-thing-happened-on-the-way-to-thors-hammer,4
marvel-one-shot-the-consultant,2
soulmate,3
jennifers-body,6
freddys-dead-the-final-nightmare,6
unsane,7
ready-player-one,6
fantastic-mr-fox,8
pacific-rim-uprising,6
american-psycho,8
youve-got-mail,6
love-simon,8
thoroughbreds-2017,8
a-wrinkle-in-time-2018,7
annihilation,4
dantes-lunch,6
the-babadook,4
peter-rabbit,6
knick-knack,5
mikes-new-car,4
monsters-inc,9
for-the-birds,4
game-night,8
early-man,3
toy-story-2,10
luxo-jr,6
phantom-thread,9
hostiles-2017,6
darkest-hour,2
a-bugs-life,6
geris-game,6
the-cloverfield-paradox,6
the-mummy-2017,2
much-ado-about-nothing-2012,9
sharknado,8
american-sniper,2
high-noon,8
next-door-1990,5
palm-springs,4
somewhere-in-the-arctic,3
winter-1988,8
beach-chair,7
nitemare,4
lady-and-the-lamp,3
tin-toy,5
reds-dream,6
the-adventures-of-andre-and-wally-b,4
the-wasp-woman,2
i-tonya,6
last-flag-flying,6
the-commuter,5
paddington-2,8
call-me-by-your-name,9
the-woman-in-black-2012,3
the-post-2017,8
jumanji-welcome-to-the-jungle,7
mollys-game,4
world-of-tomorrow-episode-two-the-burden-of-other-peoples-thoughts,9
downsizing,4
mudbound,6
all-the-money-in-the-world,6
pottersville,3
bright,3
the-shape-of-water,8
lady-bird,9
three-billboards-outside-ebbing-missouri,5
olafs-frozen-adventure,1
the-disaster-artist,6
the-room,3
the-bad-batch,2
murder-on-the-orient-express-2017,6
justice-league,2
team-thor,7
the-david-s-pumpkins-halloween-special,3
the-snowman-2017,2
geostorm,3
couch,5
the-meyerowitz-stories-new-and-selected,8
creep-2014,1
geralds-game,4
blade-runner-black-out-2022,7
2048-nowhere-to-run,4
2036-nexus-dawn,3
happy-death-day,4
battle-of-the-sexes-2017,6
la-luna-2011,4
my-little-pony-the-movie-2017,7
mega-shark-vs-giant-octopus,8
stranger-than-fiction-2006,9
the-stray-2017,2
rise-of-the-guardians,9
lincoln,9
the-expendables-2,8
rock-of-ages,7
men-in-black-3,6
madagascar-3-europes-most-wanted,8
the-pirates-in-an-adventure-with-scientists,8
the-lorax-2012,1
chronicle,6
the-artist,8
this-means-war,4
the-princess-and-the-frog,4
death-note-2017,2
ghost-in-the-shell-2017,2
kingsman-the-golden-circle,4
american-made,6
flatliners-2017,2
blade-runner-2049,10
a-funny-thing-happened-on-the-way-to-the-forum,6
tangled-2010,7
the-lego-ninjago-movie,5
blade-runner,8
mother-2017,6
the-hitmans-bodyguard,4
the-wrestler,9
it-2017,7
wind-river-2017,6
pi,4
the-dark-tower,2
girls-trip,6
tammy-and-the-t-rex,7
megan-leavey,4
chasing-amy,3
47-meters-down,2
good-time,6
logan-lucky,8
brigsby-bear,8
annabelle-creation,3
detroit,9
the-glass-castle-2017,8
atomic-blonde,3
valerian-and-the-city-of-a-thousand-planets,7
chicken-little-2005,2
doodlebug,6
buzz-lightyear-of-star-command-the-adventure-begins,4
the-big-sick,9
dunkirk-2017,10
transformers-the-last-knight,1
insomnia-2002,6
a-ghost-story-2017,8
beatriz-at-dinner,4
youth-in-oregon,3
denial-2016,5
the-founder,6
rise-of-the-planet-of-the-apes,7
despicable-me-3,1
spider-man-3,3
rough-night,5
baby-driver,7
okja,9
cop-car,4
memento,9
transformers-age-of-extinction,2
it-comes-at-night,6
following,5
the-book-of-henry,3
full-metal-jacket,8
cars-3,3
guardians-of-the-galaxy-vol-2,9
hot-fuzz,9
captain-underpants-the-first-epic-movie,7
aint-them-bodies-saints,6
king-arthur-legend-of-the-sword,1
diary-of-a-wimpy-kid-the-long-haul,2
pirates-of-the-caribbean-dead-men-tell-no-tales,4
wonder-woman-2017,8
alien-covenant,6
20th-century-women,7
hellraiser,2
cars-2,6
pirates-of-the-caribbean-on-stranger-tides,4
prometheus,4
the-circle-2017,2
the-virgin-suicides,8
cars,6
pirates-of-the-caribbean-at-worlds-end,7
2001-a-space-odyssey,9
pirates-of-the-caribbean-dead-mans-chest,7
gifted-2017,5
sleight,6
diary-of-a-wimpy-kid-dog-days,4
diary-of-a-wimpy-kid-rodrick-rules,7
aliens,9
the-lost-city-of-z,7
pirates-of-the-caribbean-the-curse-of-the-black-pearl,8
diary-of-a-wimpy-kid,4
alien,7
the-big-lebowski,8
eye-myth,6
free-fire,7
runaway-train,3
the-fate-of-the-furious,4
fast-five,9
los-bandoleros,3
fast-furious,2
2-fast-2-furious,5
the-fast-and-the-furious-2001,6
the-smurfs-2,1
the-smurfs,2
rushmore,9
life-2017,2
power-rangers,3
kong-skull-island,5
beauty-and-the-beast-2017,7
a-dogs-purpose,4
fist-fight-2017,5
split-2016,6
this-is-spinal-tap,7
badlands,6
the-sixth-sense,8
the-other-kids,6
a-cure-for-wellness,7
13-hours-the-secret-soldiers-of-benghazi,2
popstar-never-stop-never-stopping,6
the-lego-batman-movie,7
jackie-2016,8
true-grit-2010,9
hidden-figures,6
batman-return-of-the-caped-crusaders,6
batman-1966,5
batman-mask-of-the-phantasm,7
lion,6
green-room,8
monster-trucks,5
a-monster-calls,6
bee-movie,2
blue-jay-2016,6
sing-street,9
sing-2016,2
elvis-nixon,4
love-friendship,6
everybody-wants-some,8
assassins-creed,2
hunt-for-the-wilderpeople,8
passengers-2016,4
la-la-land,10
fences-2016,6
why-him,4
national-lampoons-christmas-vacation,8
its-a-wonderful-life,10
the-santa-clause,7
galaxy-quest,7
the-informant-2009,7
star-wars-the-clone-wars,3
almost-christmas,5
die-hard,9
gone-baby-gone,8
miss-sloane,5
allied,6
home-alone,6
you-can-count-on-me,8
nocturnal-animals,6
office-christmas-party,5
the-nightmare-before-christmas,6
how-the-grinch-stole-christmas,10
star-wars-episode-i-the-phantom-menace,3
a-christmas-story-1983,9
moana-2016,7
rules-dont-apply,3
arthur-christmas,6
the-tree-of-life-2011,9
the-edge-of-seventeen,9
guy-and-madeline-on-a-park-bench,4
the-shawshank-redemption,10
billy-lynns-long-halftime-walk,7
bleed-for-this,2
fantastic-beasts-and-where-to-find-them,6
hacksaw-ridge,8
state-of-play,3
se7en,8
heaven-can-wait-1978,5
soul-surfer,6
arrival-2016,9
snow-white-and-the-seven-dwarfs,6
jack-reacher-never-go-back,4
moonlight-2016,9
romancing-the-stone,5
trolls,6
doctor-strange-2016,7
inferno-2016,3
the-wedding-banquet,10
jonah-hex,2
halloween-1978,8
the-accountant-2016,6
all-the-presidents-men,8
boo-a-madea-halloween,1
the-girl-on-the-train-2016,5
ouija-origin-of-evil,5
the-evil-dead,4
ouija,2
max-steel,3
masterminds-2016,3
american-honey,10
middle-school-the-worst-years-of-my-life,3
the-birth-of-a-nation-2016,6
friday-the-13th,4
broadcast-news,7
poltergeist,6
when-the-bough-breaks-2016,2
miss-peregrines-home-for-peculiar-children,4
deepwater-horizon,6
network,10
storks,7
the-magnificent-seven-2016,6
snowden,4
robinson-crusoe-the-wild-life,1
bridget-joness-baby,7
sully,5
bridget-jones-the-edge-of-reason,4
the-blair-witch-project,8
the-light-between-oceans,6
blazing-saddles,7
willy-wonka-the-chocolate-factory,8
dont-breathe-2016,6
mr-smith-goes-to-washington,7
ben-hur-2016,2
southside-with-you,7
wiener-dog,9
the-sea-of-trees,2
equity,6
the-neon-demon,3
bridget-joness-diary,7
hell-or-high-water,8
too-many-cooks-2014,9
it-happened-one-night,6
war-dogs-2016,6
kubo-and-the-two-strings,6
petes-dragon-2016,8
florence-foster-jenkins,2
lights-out-2016,6
sausage-party,9
the-legend-of-tarzan,6
bad-moms,7
nerve-2016,5
suicide-squad-2016,2
nine-lives-2016,6
cafe-society-2016,6
the-purge-election-year,5
the-witch-2015,8
jason-bourne,6
the-bourne-ultimatum,9
the-bourne-supremacy,7
mike-and-dave-need-wedding-dates,3
the-infiltrator-2016,2
the-bourne-identity-2002,6
star-trek-beyond,6
the-bfg-2016,7
ghostbusters-2016,6
ice-age,2
swiss-army-man,10
the-purge-anarchy,6
the-shallows,4
the-secret-life-of-pets,6
independence-day-resurgence,2
mower-minions,1
midnight-special,8
jaws,10
ghostbusters-ii,4
central-intelligence,6
et-the-extra-terrestrial,10
phineas-and-ferb-the-movie-across-the-2nd-dimension,6
star-trek-the-motion-picture,5
warcraft,3
the-purge,3
its-a-mad-mad-mad-mad-world,7
the-angry-birds-movie,2
finding-dory,8
independence-day,7
now-you-see-me-2,2
finding-nemo,9
the-conjuring-2,7
the-lobster,7
trapped-in-the-closet-chapters-23-33,4
trapped-in-the-closet-chapters-13-22,4
trapped-in-the-closet-chapters-1-12,7
the-conjuring,10
x-men-apocalypse,4
teenage-mutant-ninja-turtles-2014,4
the-wolverine,7
x-men-first-class,6
zapped-2014,3
x-men-origins-wolverine,4
x-men-the-last-stand,1
the-nice-guys,9
neighbors-2-sorority-rising,4
alice-in-wonderland-2010,2
x-men,5
butch-cassidy-and-the-sundance-kid,9
men-in-black,6
the-jungle-book-2016,8
the-spirit-of-christmas,6
the-spirit-of-christmas-1995,6
food,8
flora,2
dimensions-of-dialogue,6
the-hand-1965,6
neighbours,7
a-chairy-tale,4
shaun-of-the-dead,7
the-batman-superman-movie-worlds-finest,6
batman-v-superman-dawn-of-justice,3
broom-stick-bunny,4
peace-on-earth,6
10-cloverfield-lane,8
zootopia,9
cloverfield,6
little-red-riding-hood-1922-1,2
rejected,10
wynken-blynken-and-nod,2
three-little-pigs,6
mickeys-follies,4
steamboat-willie,9
toy-story,8
iron-man-2,4
existenz,4
eddie-the-eagle,7
the-danish-girl,1
rhythm-21,1
anemic-cinema,3
max-peril,2
the-incredible-hulk,3
brooklyn,8
tarantella,1
the-critic,6
zoolander-2,4
donald-trumps-the-art-of-the-deal-the-movie,7
the-skeleton-dance,6
flowers-and-trees,6
toot-whistle-plunk-and-boom,5
meat-love,9
jumping,5
the-street,7
bone-tomahawk,6
the-kid,8
the-mascot,1
is-my-palm-read,3
alices-wonderland,5
kokos-earth-control,5
hail-caesar-2016,7
anomalisa,9
the-three-caballeros,2
paperman,9
slow-west,5
rileys-first-date,1
lava-2014,6
gerald-mcboing-boing,7
duck-amuck,10
creature-comforts,6
world-of-tomorrow,8
presto,9
kung-fu-panda-3,6
the-way-way-back,5
the-end-of-the-tour,8
what-we-do-in-the-shadows,7
austin-powers-international-man-of-mystery,6
carol-2015,7
fargo,9
the-revenant-2015,6
dope-2015,6
sherlock-the-abominable-bride,4
the-big-short,9
ex-machina-2014,6
the-hateful-eight,9
joy-2015,7
spotlight,7
sisters-2015,6
the-d-train,5
mistress-america,6
a-princess-for-christmas,3
a-very-murray-christmas,2
crimson-peak,7
return-of-the-jedi,7
velvet-goldmine,7
glengarry-glen-ross,8
in-the-heart-of-the-sea,7
rocky-balboa,7
cosmic-scrat-tastrophe,1
the-peanuts-movie,8
legally-blonde-2-red-white-blonde,4
the-hunger-games-mockingjay-part-2,6
rocky-v,4
rocky-iv,3
rocky-iii,5
rocky-ii,7
sanjays-super-team,4
the-good-dinosaur,7
spectre-2015,4
beasts-of-no-nation,6
steve-jobs,8
hotel-transylvania-2,4
bridge-of-spies,7
star-wars-episode-ii-attack-of-the-clones,1
the-nut-job,1
mortdecai,1
the-frame,1
shrek-the-third,1
transformers-revenge-of-the-fallen,1
contagion,1
whos-afraid-of-vagina-wolf,1
indiana-jones-and-the-temple-of-doom,1
indiana-jones-and-the-kingdom-of-the-crystal-skull,1
batman-forever,2
night-at-the-museum-battle-of-the-smithsonian,2
happy-christmas,2
jurassic-park-iii,2
ted-2,2
superman-returns,2
despicable-me,2
the-fast-and-the-furious-tokyo-drift,2
the-day-after-tomorrow,2
the-chronicles-of-narnia-the-voyage-of-the-dawn-treader,2
be-kind-rewind,2
charlie-and-the-chocolate-factory,2
turbo-charged-prelude-to-2-fast-2-furious,2
jumanji,2
the-green-hornet,2
king-kong-2005,2
transformers,2
the-chronicles-of-narnia-prince-caspian,2
blue-ruin,3
kung-fu-panda,3
night-at-the-museum,3
taken,3
alan-partridge-alpha-papa,3
puss-in-boots,3
the-adventures-of-prince-achmed,3
chicken-run,3
obvious-child,3
the-lost-world-jurassic-park,3
hot-tub-time-machine,4
ted,4
pan-2015,4
teachers-pet-2004,4
shrek-2,4
the-fifth-element,4
real-steel,4
tron-legacy,4
the-chronicles-of-narnia-the-lion-the-witch-and-the-wardrobe,4
romeo-juliet-1996,4
source-code,4
unstoppable-2010,4
moneyball,4
war-horse,4
shrek-forever-after,4
the-lord-of-the-rings-the-two-towers,4
batman-1989,4
sherlock-holmes-2009,5
zathura-a-space-adventure,5
they-came-together,5
gi-joe-the-rise-of-cobra,5
megamind,5
the-one-i-love-2014,5
legally-blonde,5
singin-in-the-rain,5
wallace-gromit-the-curse-of-the-were-rabbit,5
hairspray-2007,5
super-8,5
national-treasure-book-of-secrets,5
bolt,5
meet-the-robinsons,6
fahrenheit-451,6
anchorman-the-legend-of-ron-burgundy,6
my-little-pony-equestria-girls-rainbow-rocks,6
pitch-perfect,6
spider-man,6
kung-fu-panda-2,6
superman,6
up,6
avatar,6
the-best-exotic-marigold-hotel,6
liar-liar,6
scream,6
catch-me-if-you-can-2002,6
national-treasure,6
the-kings-speech,6
rango,7
the-muppet-movie,7
indiana-jones-and-the-last-crusade,7
superman-ii,7
there-will-be-blood,7
where-the-wild-things-are,7
gladiator-2000,7
cloudy-with-a-chance-of-meatballs,7
mission-impossible-iii,7
shrek,7
the-hudsucker-proxy,8
batman-begins,8
citizen-kane,9
the-hunchback-of-notre-dame-1996,9
mad-max-fury-road,10
back-to-the-future,10
her,10
inglourious-basterds,10
casino-royale-2006,10
ratatouille,10
inside-out-2015,10
lars-and-the-real-girl,8
a-goofy-movie,8
mission-impossible-ghost-protocol,8
the-spongebob-squarepants-movie,8
the-lord-of-the-rings-the-fellowship-of-the-ring,8
captain-america-the-first-avenger,8
the-40-year-old-virgin,8
locke,8
the-grand-budapest-hotel,8
enchanted,8
good-night-and-good-luck,8
good-will-hunting,9
the-fugitive-1993,9
ferris-buellers-day-off,9
walle,9
a-few-good-men,9
north-by-northwest,9
mulan,9
from-russia-with-love,9
12-angry-men,9
the-social-network,9
reservoir-dogs,9
jurassic-park,9
the-dark-knight,10
groundhog-day,10
forrest-gump,10
500-days-of-summer,10
who-framed-roger-rabbit,10
the-incredibles,10
the-good-the-bad-and-the-ugly,10
the-empire-strikes-back,10
toy-story-3,10
gravity-2013,10
the-prestige,10
the-lion-king,10
raiders-of-the-lost-ark,10
the-truman-show,10
minions,1
paul-blart-mall-cop-2,1
left-behind-2014,1
the-double-2013,1
the-lego-movie,10
boyhood,10
